{
	"class_name" : "PinholeCameraParameters",
	"extrinsic" : 
	[
		-0.88350879003072358,
		-0.09924685709995619,
		-0.45777972791969279,
		0.0,
		0.1540578169319583,
		-0.98449404627439974,
		-0.083890773583388548,
		0.0,
		-0.44235552102421677,
		-0.14464278138241468,
		0.88509889775852335,
		0.0,
		-9.887935624845797,
		-0.41796255716902253,
		3.8372005760670156,
		1.0
	],
	"intrinsic" : 
	{
		"height" : 1011,
		"intrinsic_matrix" : 
		[
			875.55168322606755,
			0.0,
			0.0,
			0.0,
			875.55168322606755,
			0.0,
			926.5,
			505.0,
			1.0
		],
		"width" : 1854
	},
	"version_major" : 1,
	"version_minor" : 0
}